{"cameraMode":{"drawMode":0,"name":"Shaded","section":"Shading Mode"},"sceneLighting":true,"audioPlay":false,"sceneViewState":{"m_AlwaysRefresh":false,"showFog":true,"showSkybox":true,"showFlares":true,"showImageEffects":true,"showParticleSystems":true,"showVisualEffectGraphs":true,"m_FxEnabled":true},"in2DMode":false,"pivot":{"x":-1.0691351890563965,"y":1.559779167175293,"z":-2.556335926055908},"rotation":{"x":0.22812283039093018,"y":0.30462777614593508,"z":-0.07480484992265701,"w":0.9219135642051697},"size":4.088930606842041,"orthographic":true}