{"cameraMode":{"drawMode":0,"name":"Shaded","section":"Shading Mode"},"sceneLighting":true,"audioPlay":false,"sceneViewState":{"m_AlwaysRefresh":false,"showFog":true,"showSkybox":true,"showFlares":true,"showImageEffects":true,"showParticleSystems":true,"showVisualEffectGraphs":true,"m_FxEnabled":true},"in2DMode":false,"pivot":{"x":7.760857582092285,"y":0.9927315711975098,"z":-9.216352462768555},"rotation":{"x":0.3373357057571411,"y":0.17430852353572846,"z":-0.06366105377674103,"w":0.9229732155799866},"size":10.927590370178223,"orthographic":true}