{"cameraMode":{"drawMode":0,"name":"Shaded","section":"Shading Mode"},"sceneLighting":true,"audioPlay":false,"sceneViewState":{"m_AlwaysRefresh":false,"showFog":true,"showSkybox":true,"showFlares":true,"showImageEffects":true,"showParticleSystems":true,"showVisualEffectGraphs":true,"m_FxEnabled":true},"in2DMode":false,"pivot":{"x":42.892425537109378,"y":-2.5670595169067385,"z":-5.758738994598389},"rotation":{"x":-0.25329890847206118,"y":-0.47733891010284426,"z":0.14550426602363587,"w":-0.8289003968238831},"size":9.601139068603516,"orthographic":true}