{"cameraMode":{"drawMode":0,"name":"Shaded","section":"Shading Mode"},"sceneLighting":true,"audioPlay":false,"sceneViewState":{"m_AlwaysRefresh":false,"showFog":true,"showSkybox":true,"showFlares":true,"showImageEffects":true,"showParticleSystems":true,"showVisualEffectGraphs":true,"m_FxEnabled":true},"in2DMode":false,"pivot":{"x":59.598854064941409,"y":-38.074527740478519,"z":45.416297912597659},"rotation":{"x":0.22825823724269868,"y":0.3321749269962311,"z":-0.08319173008203507,"w":0.9114090800285339},"size":58.46348571777344,"orthographic":false}