{"cameraMode":{"drawMode":0,"name":"Shaded","section":"Shading Mode"},"sceneLighting":false,"audioPlay":false,"sceneViewState":{"m_AlwaysRefresh":false,"showFog":true,"showSkybox":false,"showFlares":true,"showImageEffects":true,"showParticleSystems":true,"showVisualEffectGraphs":true,"m_FxEnabled":true},"in2DMode":false,"pivot":{"x":-1.1046479940414429,"y":11.747300148010254,"z":-152.9449920654297},"rotation":{"x":0.23215341567993165,"y":0.3041715621948242,"z":-0.07648349553346634,"w":0.9208564162254334},"size":43.155086517333987,"orthographic":true}