{"cameraMode":{"drawMode":0,"name":"Shaded","section":"Shading Mode"},"sceneLighting":false,"audioPlay":false,"sceneViewState":{"m_AlwaysRefresh":false,"showFog":true,"showSkybox":false,"showFlares":true,"showImageEffects":true,"showParticleSystems":true,"showVisualEffectGraphs":true,"m_FxEnabled":true},"in2DMode":false,"pivot":{"x":18.295059204101564,"y":-1.6332874298095704,"z":-91.67717742919922},"rotation":{"x":0.15751071274280549,"y":-0.052201900631189349,"z":0.009043312631547451,"w":0.9863083958625794},"size":29.043210983276368,"orthographic":true}