{"cameraMode":{"drawMode":0,"name":"Shaded","section":"Shading Mode"},"sceneLighting":false,"audioPlay":false,"sceneViewState":{"m_AlwaysRefresh":false,"showFog":true,"showSkybox":false,"showFlares":true,"showImageEffects":true,"showParticleSystems":true,"showVisualEffectGraphs":true,"m_FxEnabled":true},"in2DMode":false,"pivot":{"x":8.319999694824219,"y":1.4839999675750733,"z":-9.216352462768555},"rotation":{"x":0.2770390212535858,"y":0.27528494596481326,"z":-0.08306268602609635,"w":0.9168903231620789},"size":0.10606586188077927,"orthographic":true}